,expNum,Frequencies,Amplitudes,Movements,Durations
0,0,196.0,0.01,10.083386491626815,500.0
1,1,392.0,0.01,0.28860366025492185,500.0
2,2,349.23,0.01,0.2724097216680643,500.0
3,3,1318.52,0.01,0.24132969665679826,500.0
4,4,587.32,0.01,0.24873610309846772,500.0
5,5,1396.92,0.01,0.18139764677215348,500.0
6,6,130.815,0.01,0.9198858556735605,500.0
7,7,220.0,0.01,2.3140205339854596,500.0
8,8,698.46,0.01,4.59551814180525,500.0
9,9,493.88,0.01,16.01625302593537,500.0
10,10,987.76,0.01,3.312431234766685,500.0
11,11,246.94,0.01,0.3813952216358524,500.0
12,12,146.83,0.01,3.1830391795910145,500.0
13,13,261.63,0.01,2.229870775603792,500.0
14,14,174.615,0.01,55.45066218039441,500.0
15,15,1174.64,0.01,0.21703227616943235,500.0
16,16,784.0,0.01,0.2603173330578386,500.0
17,17,659.26,0.01,7.136408436210164,500.0
18,18,164.815,0.01,25.710831701803524,500.0
19,19,440.0,0.01,7.568760865676095,500.0
20,20,523.26,0.01,4.718487228572294,500.0
21,21,293.66,0.01,0.26546388247162284,500.0
22,22,880.0,0.01,0.24601986135448733,500.0
23,23,123.47,0.01,0.2577040376954221,500.0
24,24,110.0,0.01,0.5470812178012389,500.0
25,25,329.63,0.01,0.2126953728780872,500.0
26,26,1046.52,0.01,2.06486469784396,500.0
27,27,220.0,0.03,37.24447956798415,500.0
28,28,1318.52,0.03,0.32347497649254303,500.0
29,29,523.26,0.03,29.162051558318506,500.0
30,30,146.83,0.03,25.226345727766702,500.0
31,31,164.815,0.03,62.5974986978724,500.0
32,32,349.23,0.03,10.005376035805874,500.0
33,33,1396.92,0.03,0.3363841858073334,500.0
34,34,130.815,0.03,18.305588360164798,500.0
35,35,329.63,0.03,8.52687311023557,500.0
36,36,659.26,0.03,30.095258028878593,500.0
37,37,392.0,0.03,9.694519496156174,500.0
38,38,440.0,0.03,24.073737501360505,500.0
39,39,493.88,0.03,56.68006628744241,500.0
40,40,880.0,0.03,3.8786551615698857,500.0
41,41,987.76,0.03,9.233859218055036,500.0
42,42,587.32,0.03,10.436202777724667,500.0
43,43,784.0,0.03,0.4755989489195833,500.0
44,44,123.47,0.03,14.398727996872063,500.0
45,45,1174.64,0.03,0.3638537718012481,500.0
46,46,261.63,0.03,10.475955776883426,500.0
47,47,174.615,0.014427239793772103,69.57203486503113,500.0
48,48,246.94,0.03,13.237311011235935,500.0
49,49,293.66,0.03,8.468225713676564,500.0
50,50,698.46,0.03,16.46128229991423,500.0
51,51,110.0,0.03,3.2301647920282583,500.0
52,52,1046.52,0.03,11.091511921167056,500.0
53,53,196.0,0.03,218.7092975482955,500.0
54,54,220.0,0.09,207.39287315887194,500.0
55,55,987.76,0.09,299.36838116623875,500.0
56,56,523.26,0.09,76.56828681889905,500.0
57,57,493.88,0.046146094719057555,62.132454384252874,500.0
58,58,164.815,0.03472774035170767,68.4759989853531,500.0
59,59,1318.52,0.09,1.5599781034839653,500.0
60,60,784.0,0.09,6.8754084022740685,500.0
61,61,1046.52,0.09,33.47707519970413,500.0
62,62,329.63,0.09,22.161884982163848,500.0
63,63,123.47,0.09,41.19793269173369,500.0
64,64,261.63,0.09,27.912529159932234,500.0
65,65,440.0,0.09,61.34427048164022,500.0
66,66,698.46,0.09,32.74857263232086,500.0
67,67,880.0,0.09,201.47469997795125,500.0
68,68,349.23,0.09,36.34653146041787,500.0
69,69,659.26,0.09,103.61766691683471,500.0
70,70,1396.92,0.09,17.69216463483628,500.0
71,71,110.0,0.09,217.68160107785633,500.0
72,72,130.815,0.09,109.42649925172411,500.0
73,73,174.615,0.01550846987317941,50.183794927361035,500.0
74,74,196.0,0.03,111.5954339043413,500.0
75,75,392.0,0.09,31.68201370232459,500.0
76,76,293.66,0.09,24.759931206380205,500.0
77,77,1174.64,0.09,195.44606900754727,500.0
78,78,246.94,0.09,24.883952265659975,500.0
79,79,587.32,0.09,22.36067096371752,500.0
80,80,146.83,0.09,73.06160057518386,500.0
81,81,196.0,0.021506256269026747,48.06153337579686,500.0
82,82,220.0,0.06443908004189357,32.26871700302394,500.0
83,83,261.63,0.2579486781275065,226.34173582766516,500.0
84,84,174.615,0.016589699952586717,344.4392789321127,500.0
85,85,1318.52,0.27,266.2606641375085,500.0
86,86,110.0,0.09,49.03180380984826,500.0
87,87,659.26,0.07974678262259872,121.7441249272424,500.0
88,88,164.815,0.03834019010222165,61.870621479519585,500.0
89,89,349.23,0.23987104446761498,83.23304276593558,500.0
90,90,880.0,0.09,59.48436632869083,500.0
91,91,1174.64,0.09,3.485594293428238,500.0
92,92,246.94,0.27,349.08396497884075,500.0
93,93,587.32,0.27,78.22245541534483,500.0
94,94,698.46,0.17408265516839788,53.90316406125934,500.0
95,95,784.0,0.27,30.137762625999038,500.0
96,96,493.88,0.04994926083551174,50.85997970784773,500.0
97,97,123.47,0.1747660508568351,115.64546897614831,500.0
98,98,392.0,0.24756255335311744,107.65875052732223,500.0
99,99,329.63,0.27,69.495483584707,500.0
100,100,130.815,0.09,64.3183808839125,500.0
101,101,440.0,0.10569761869845234,57.73626357086626,500.0
102,102,1046.52,0.21638168151087112,295.3424735608903,500.0
103,103,987.76,0.09,396.2001715730393,500.0
104,104,146.83,0.09854697875925751,80.81395678998545,500.0
105,105,293.66,0.27,117.27072669460858,500.0
106,106,1396.92,0.27,8.885272861943339,500.0
107,107,523.26,0.0940337089822787,76.21816987349115,500.0
108,108,392.0,0.2374104176088429,211.99602437638802,500.0
109,109,1174.64,0.27,13.182787245488525,500.0
110,110,523.26,0.09636661407647615,37.6771700968726,500.0
111,111,164.815,0.039456175351530176,45.887744813081476,500.0
112,112,246.94,0.235324404538132,228.91105312638655,500.0
113,113,1046.52,0.21572711680477863,115.53518382858758,500.0
114,114,196.0,0.02865206290288013,84.50210838264861,500.0
115,115,698.46,0.19696978280019872,267.6474252719876,500.0
116,116,329.63,0.31784683842830114,234.76214468666777,500.0
117,117,110.0,0.27,319.05357197507084,500.0
118,118,1318.52,0.27,10.979424161622457,500.0
119,119,261.63,0.2435223598417674,198.07178325612043,500.0
120,120,349.23,0.23521235772913843,95.00112467402836,500.0
121,121,659.26,0.07461650131482242,74.0394764431103,500.0
122,122,440.0,0.11153399660037211,264.13613878300794,500.0
123,123,293.66,0.27,117.46984215780549,500.0
124,124,493.88,0.05468283697510251,46.580957463485085,500.0
125,125,146.83,0.09805069701734191,205.32786212504257,500.0
126,126,220.0,0.11209762136623846,398.2604180416967,500.0
127,127,130.815,0.12152531023910125,243.9036422024603,500.0
128,128,880.0,0.27,50.96604393902634,500.0
129,129,987.76,0.09,38.25426176520233,500.0
130,130,587.32,0.2990647280370095,122.88099941504464,500.0
131,131,784.0,0.81,51.82278107923626,500.0
132,132,174.615,0.01550846987317941,44.47839931392554,500.0
133,133,1396.92,0.81,467.45370529170765,500.0
134,134,123.47,0.17072372054125562,470.60805458953473,500.0
135,135,587.32,0.2761355404315619,83.15217283045928,500.0
136,136,329.63,0.3108115648072595,121.37288045901846,500.0
137,137,880.0,0.42381158768848814,54.56560549471522,500.0
138,138,293.66,0.27,353.04690892690786,500.0
139,139,1046.52,0.21507255209868612,245.64660632774988,500.0
140,140,440.0,0.10569761869845234,126.19876695598695,500.0
141,141,196.0,0.027125536582482197,52.988767936622374,500.0
142,142,349.23,0.23055367099066187,116.68301735149122,500.0
143,143,1174.64,0.81,42.82192813954697,500.0
144,144,698.46,0.17408265516839788,240.66300305652172,500.0
145,145,784.0,1.250415331838748,64.75460425105238,500.0
146,146,1396.92,0.81,28.652128748412725,500.0
147,147,987.76,0.18821432352275635,102.98637053617506,500.0
148,148,130.815,0.11194311643191387,224.99322522814728,500.0
149,149,1318.52,0.81,298.5490995679372,500.0
150,150,493.88,0.05941641311469328,43.30667407133458,500.0
151,151,523.26,0.09869951917067357,33.19540547767631,500.0
152,152,392.0,0.2272582818645684,78.37205645472152,500.0
153,153,659.26,0.07974678262259872,94.91723459485618,500.0
154,154,174.615,0.016589699952586717,62.66336158129112,500.0
155,155,246.94,0.18130570460744339,79.64152222462306,500.0
156,156,220.0,0.06443908004189357,38.668817370075374,500.0
157,157,110.0,0.14684346568040899,132.3175891265032,500.0
158,158,261.63,0.2290960415560283,107.68004457343754,500.0
159,159,123.47,0.1666813902256761,110.10447454977015,500.0
160,160,146.83,0.09755441527542633,125.76933523791854,500.0
161,161,164.815,0.0405721606008387,121.73397207214207,500.0
162,162,659.26,0.07461650131482242,108.04689744378194,500.0
163,163,587.32,0.2709016005449441,209.53035910008572,500.0
164,164,110.0,0.11781294844496228,233.6978983792082,500.0
165,165,196.0,0.031461703059607854,143.01315386531428,500.0
166,166,987.76,0.1672097762307925,121.06236597571069,500.0
167,167,493.88,0.06899195076836097,49.23142018804039,500.0
168,168,392.0,0.22961858520359232,169.03450726538327,500.0
169,169,123.47,0.14389459754314543,196.24983960011338,500.0
170,170,130.815,0.08887035352255429,244.77170266481443,500.0
171,171,1396.92,2.3463004981934352,265.7926090338584,500.0
172,172,146.83,0.09634652318384701,63.71450384180597,500.0
173,173,1318.52,0.81,117.31302808415967,500.0
174,174,1174.64,1.8520725566544125,185.53305920209255,500.0
175,175,698.46,0.15993965823285397,318.9815300463536,500.0
176,176,293.66,0.23380078408559835,295.5766990756567,500.0
177,177,246.94,0.18171374593962383,154.0885655737739,500.0
178,178,329.63,0.29613732425799755,204.95682088796866,500.0
179,179,523.26,0.13412269222735876,70.01952194006353,500.0
180,180,261.63,0.19965052699021596,361.5724685563125,500.0
181,181,440.0,0.1026956600898801,81.69778273341885,500.0
182,182,220.0,0.09887694971122711,404.16167898780185,500.0
183,183,1046.52,0.18222421427077337,243.16086619546863,500.0
184,184,784.0,1.397610089685821,77.3350334867022,500.0
185,185,174.615,0.018884578668754547,298.8590445523034,500.0
186,186,349.23,0.2143234255095796,522.3744360837928,500.0
187,187,164.815,0.039456175351530176,66.23726939022765,500.0
188,188,880.0,0.5212913798302641,171.2351646327795,500.0
189,189,196.0,0.027125536582482197,632.6427496706889,500.0
190,190,349.23,0.19809318002849735,511.9428175840876,500.0
191,191,220.0,0.06443908004189357,313.08288450837466,500.0
192,192,123.47,0.12110780486061477,212.13370956447238,500.0
193,193,246.94,0.18130570460744339,200.9703872132484,500.0
194,194,440.0,0.10056151504133487,62.5451059448395,500.0
195,195,698.46,0.14579666129731003,36.781067835030875,500.0
196,196,174.615,0.016589699952586717,62.249477985897926,500.0
197,197,392.0,0.2272582818645684,84.41449568933135,500.0
198,198,110.0,0.0887824312095156,43.251592783800696,500.0
199,199,1046.52,0.14937587644286066,52.78265674147722,500.0
200,200,493.88,0.07856748842202867,81.39510688207851,500.0
201,201,1174.64,1.638500235023671,291.34471940031966,500.0
202,202,659.26,0.0694862200070461,279.0136370546468,500.0
203,203,587.32,0.26566766065832625,104.71339014457547,500.0
204,204,329.63,0.2814630837087355,100.06081822101868,500.0
205,205,261.63,0.17020501242440356,64.07114369312802,500.0
206,206,880.0,0.42381158768848814,45.43549546743054,500.0
207,207,164.815,0.0405721606008387,55.591768580403226,500.0
208,208,1396.92,2.2616120627194167,26.127945402828512,500.0
209,209,987.76,0.14620522893882862,56.512699964563076,500.0
210,210,784.0,1.445771756135481,47.61317709056333,500.0
211,211,130.815,0.0657975906131947,59.16954796280452,500.0
212,212,523.26,0.15324034042068135,109.93392079817077,500.0
213,213,293.66,0.18418918863059322,46.97630426127458,500.0
214,214,146.83,0.09755441527542633,69.11944482713999,500.0
215,215,1318.52,0.81,21.377273701105736,500.0
216,216,261.63,0.19136251820113026,74.9804547872361,500.0
217,217,493.88,0.07789416758000316,101.08801267545246,500.0
218,218,587.32,0.2478181810128538,72.2513588183719,500.0
219,219,293.66,0.23380078408559835,84.80622074607983,500.0
220,220,329.63,0.2532483446200728,75.86195047974998,500.0
221,221,146.83,0.09805069701734191,82.3368949842365,500.0
222,222,246.94,0.13782409963488687,53.41778827220238,500.0
223,223,1046.52,0.18222421427077337,69.18399500138834,500.0
224,224,164.815,0.044113255372555615,260.1949407447761,500.0
225,225,392.0,0.22131599258437085,348.29146009472873,500.0
226,226,659.26,0.06834998149024056,269.2346408801707,500.0
227,227,987.76,0.1672097762307925,264.4368716887086,500.0
228,228,349.23,0.19808219976569463,385.23058748575795,500.0
229,229,784.0,1.4952883018341874,463.5137918350762,500.0
230,230,1318.52,2.43,66.29760094490975,500.0
231,231,880.0,0.5212913798302641,181.9359212837184,500.0
232,232,130.815,0.07737950734756595,59.56835491619329,500.0
233,233,698.46,0.15993965823285397,146.01551626649103,500.0
234,234,1174.64,1.575871815965388,30.026792175249337,500.0
235,235,440.0,0.10312956686989361,68.22694974867525,500.0
236,236,1396.92,2.3463004981934352,24.565859050598664,500.0
237,237,174.615,0.018884578668754547,155.4886983125739,500.0
238,238,523.26,0.1323774248622574,35.080335371884544,500.0
239,239,123.47,0.12100280800494095,379.0507530398948,500.0
240,240,196.0,0.024315896425754473,96.37444998850229,500.0
241,241,110.0,0.11781294844496228,70.53221801473096,500.0
242,242,220.0,0.04957789927971573,146.96748597448473,500.0
243,243,987.76,0.14620522893882862,379.3502132200988,500.0
244,244,1318.52,2.9322327992160298,315.85077822266163,500.0
245,245,146.83,0.09755441527542633,303.1261626250912,500.0
246,246,440.0,0.10569761869845234,462.88625064215114,500.0
247,247,523.26,0.15324034042068135,198.960208207796,500.0
248,248,174.615,0.016589699952586717,81.29354062728035,500.0
249,249,698.46,0.14579666129731003,45.8221446943333,500.0
250,250,246.94,0.18130570460744339,83.77598043820079,500.0
251,251,293.66,0.22055059832049484,73.70803839696396,500.0
252,252,329.63,0.2670623078036181,79.39234343885794,500.0
253,253,130.815,0.08896142408193719,81.21196795236878,500.0
254,254,1046.52,0.2107125664161101,163.32805123361234,500.0
255,255,220.0,0.03471671851753791,19.788012727914243,500.0
256,256,493.88,0.07722084673797763,102.08991127566993,500.0
257,257,587.32,0.26566766065832625,190.15043136880522,500.0
258,258,110.0,0.1336273853408172,266.15857033757624,500.0
259,259,349.23,0.19807121950289192,224.64740819328946,500.0
260,260,164.815,0.0405721606008387,42.06971873760877,500.0
261,261,196.0,0.021506256269026747,62.286385316367614,500.0
262,262,392.0,0.21537370330417335,83.20906237554169,500.0
263,263,1396.92,2.4309889336674537,72.70835770218187,500.0
264,264,123.47,0.12089781114926713,247.87281436586008,500.0
265,265,659.26,0.06721374297343502,52.74741191512914,500.0
266,266,1174.64,1.638500235023671,110.40813942370565,500.0
267,267,261.63,0.2041732275368443,80.33760293771962,500.0
268,268,784.0,1.445771756135481,143.64999619226083,500.0
269,269,880.0,0.42381158768848814,114.41649364866069,500.0
270,270,196.0,0.024315896425754473,300.5512682039679,500.0
271,271,146.83,0.09641111320877646,72.64601406885481,500.0
272,272,523.26,0.1323774248622574,60.132208385315394,500.0
273,273,698.46,0.15993965823285397,144.11771922953426,500.0
274,274,880.0,0.3600703020103092,143.3067875391952,500.0
275,275,784.0,1.3480935439871145,59.99642825480438,500.0
276,276,587.32,0.2478181810128538,433.00901892661244,500.0
277,277,1046.52,0.18004422142948537,632.7421694773418,500.0
278,278,1396.92,2.5528862113288735,27.75737056844488,500.0
279,279,1318.52,2.449774544244633,19.74834355288479,500.0
280,280,392.0,0.21122062413092663,85.79969145102993,500.0
281,281,220.0,0.04957789927971573,35.83251583882486,500.0
282,282,130.815,0.08829761554667528,104.68993404864754,500.0
283,283,110.0,0.11120490827516638,79.50684652388452,500.0
284,284,440.0,0.10312956686989361,77.33633541053693,500.0
285,285,987.76,0.12835009782500661,69.97450568850884,500.0
286,286,659.26,0.06834998149024056,65.30196485210446,500.0
287,287,261.63,0.20374422866894448,200.2211627389185,500.0
288,288,174.615,0.016457712523342796,47.887187605276246,500.0
289,289,1174.64,1.575871815965388,168.52721210735393,500.0
290,290,293.66,0.22996406207790462,66.30089481814981,500.0
291,291,329.63,0.26808433434006607,71.85913573597938,500.0
292,292,349.23,0.17807150588229465,58.43529561723121,500.0
293,293,123.47,0.08977776471385139,49.530741376739776,500.0
294,294,164.815,0.044113255372555615,361.61659939126423,500.0
295,295,246.94,0.1772197673832474,74.81215884748833,500.0
296,296,493.88,0.06943273969252199,91.49639770506116,500.0
297,297,164.815,0.0405721606008387,70.16715430783984,500.0
298,298,123.47,0.12089781114926713,380.57241626986144,500.0
299,299,1046.52,0.14937587644286066,328.12059168536507,500.0
300,300,146.83,0.09755441527542633,386.5909242235418,500.0
301,301,659.26,0.0694862200070461,326.87476140841807,500.0
302,302,523.26,0.15324034042068135,185.7191003477494,500.0
303,303,784.0,1.445771756135481,350.0089493185073,500.0
304,304,174.615,0.016589699952586717,229.93595728803336,500.0
305,305,1318.52,2.9322327992160298,21.57355510995117,500.0
306,306,587.32,0.22996870136738137,202.6800313257364,500.0
307,307,220.0,0.06443908004189357,555.8028292586923,500.0
308,308,1396.92,2.6747834889902933,27.313795688022097,500.0
309,309,698.46,0.14579666129731003,39.308509524092756,500.0
310,310,329.63,0.2691063608765141,77.88024031108058,500.0
311,311,261.63,0.20331522980104463,124.93152273515027,500.0
312,312,440.0,0.10569761869845234,89.66803618610588,500.0
313,313,293.66,0.2393775258353144,92.48517758411852,500.0
314,314,880.0,0.29632901633213027,65.43455702226383,500.0
315,315,1174.64,1.5132433969071049,31.298161646722107,500.0
316,316,392.0,0.20706754495767987,158.05058778505685,500.0
317,317,987.76,0.14620522893882862,273.3424914097708,500.0
318,318,110.0,0.11189467386737267,85.7479739046054,500.0
319,319,493.88,0.061644632647066336,63.869922900230236,500.0
320,320,349.23,0.19807121950289192,70.01994494893991,500.0
321,321,130.815,0.08763380701141339,340.2236002146348,500.0
322,322,246.94,0.18130570460744339,96.88290528120339,500.0
323,323,196.0,0.021506256269026747,350.4047945891235,500.0
324,324,1318.52,2.9817446529116207,142.3612645359508,500.0
325,325,1396.92,3.542492015186224,31.265343528205516,500.0
326,326,130.815,0.0775537154920988,63.57979483730446,500.0
327,327,587.32,0.21646809036264664,237.3915649809534,500.0
328,328,440.0,0.10312956686989361,290.115679483606,500.0
329,329,110.0,0.10814433647648858,59.1447816798606,500.0
330,330,523.26,0.1323774248622574,68.28883914970359,500.0
331,331,349.23,0.19808219976569463,51.03698256519108,500.0
332,332,174.615,0.016457712523342796,45.503996519423836,500.0
333,333,261.63,0.1867601211127241,64.713019835896,500.0
334,334,196.0,0.020845386582122843,48.555173515334104,500.0
335,335,1174.64,1.575871815965388,37.80261349599162,500.0
336,336,246.94,0.1772197673832474,379.2747105664143,500.0
337,337,987.76,0.12835009782500661,264.30342763955076,500.0
338,338,392.0,0.20200528003733997,94.5042824266967,500.0
339,339,493.88,0.06942867740736289,85.62957979484578,500.0
340,340,784.0,1.3480935439871145,69.31102977003682,500.0
341,341,293.66,0.22996406207790462,100.63139254839486,500.0
342,342,880.0,0.3293097805219585,40.784251733795784,500.0
343,343,164.815,0.04341494223079724,342.71214255515815,500.0
344,344,329.63,0.2727686557894426,279.45778048302725,500.0
345,345,123.47,0.08977776471385139,52.339750767825386,500.0
346,346,698.46,0.15993965823285397,101.47582466062802,500.0
347,347,146.83,0.09641111320877646,76.16530124636712,500.0
348,348,220.0,0.04957789927971573,27.008608107637762,500.0
349,349,659.26,0.06834998149024056,49.62709752401222,500.0
350,350,1046.52,0.12629268457690418,55.7366207162252,500.0
351,351,130.815,0.08763380701141339,73.36127911523852,500.0
352,352,164.815,0.0405721606008387,44.47352097408498,500.0
353,353,987.76,0.1104949667111846,50.485056065106285,500.0
354,354,1174.64,1.638500235023671,68.5836809216651,500.0
355,355,349.23,0.19809318002849735,69.03554407489807,500.0
356,356,784.0,1.445771756135481,59.441695005173756,500.0
357,357,523.26,0.15324034042068135,192.96933854155975,500.0
358,358,1396.92,4.410200541382155,23.95833272719249,500.0
359,359,698.46,0.14579666129731003,50.841912291427036,500.0
360,360,220.0,0.06443908004189357,34.28596961001508,500.0
361,361,196.0,0.021506256269026747,91.4348755265775,500.0
362,362,1046.52,0.14937587644286066,57.3184186591279,500.0
363,363,392.0,0.1969430151170001,79.39584735792742,500.0
364,364,261.63,0.20331522980104463,150.12160395418766,500.0
365,365,246.94,0.17313383015905143,92.49512221813458,500.0
366,366,329.63,0.2691063608765141,83.85215357617028,500.0
367,367,493.88,0.06486420003340194,51.853657994378985,500.0
368,368,587.32,0.20296747935791193,423.61895065478257,500.0
369,369,110.0,0.11189467386737267,57.14121745055395,500.0
370,370,440.0,0.10056151504133487,204.21490389164194,500.0
371,371,659.26,0.0694862200070461,425.1743619025754,500.0
372,372,880.0,0.36229054471178657,48.55151546531511,500.0
373,373,174.615,0.016589699952586717,175.1408538553945,500.0
374,374,123.47,0.12089781114926713,340.8119671076615,500.0
375,375,293.66,0.22055059832049484,147.10688170990574,500.0
376,376,146.83,0.09755441527542633,143.17054038912218,500.0
377,377,1318.52,2.9322327992160298,150.0762715045869,500.0
378,378,130.815,0.08829761554667528,65.7523575875379,500.0
379,379,1318.52,2.449774544244633,21.900361197137666,500.0
380,380,1046.52,0.16532327488448695,363.824123210636,500.0
381,381,174.615,0.016457712523342796,381.2877538528077,500.0
382,382,196.0,0.020845386582122843,440.82317726593726,500.0
383,383,587.32,0.19883474738906878,228.002511696737,500.0
384,384,392.0,0.19769232157873656,63.19588901137472,500.0
385,385,349.23,0.21219790405617192,188.27143024169698,500.0
386,386,220.0,0.0875635739176654,39.8891479682111,500.0
387,387,329.63,0.26808433434006607,68.76825347140452,500.0
388,388,164.815,0.04341494223079724,57.90214085160461,500.0
389,389,1174.64,1.7748711708030012,138.5052949396419,500.0
390,390,659.26,0.06834998149024056,57.17121602291537,500.0
391,391,698.46,0.15993965823285397,364.46621602554933,500.0
392,392,987.76,0.12835009782500661,59.98808788900363,500.0
393,393,293.66,0.21380649500731908,59.65441943105822,500.0
394,394,493.88,0.07103846110053069,60.73306744915002,500.0
395,395,784.0,1.4952883018341874,68.66781554140384,500.0
396,396,880.0,0.39305106620013736,57.00567438708004,500.0
397,397,440.0,0.10012760826132136,48.62075388730456,500.0
398,398,261.63,0.1867601211127241,42.38936928107416,500.0
399,399,246.94,0.16143954663332538,99.35041801293222,500.0
400,400,110.0,0.12276102960409492,599.3907862517605,500.0
401,401,523.26,0.1323774248622574,132.02236242137062,500.0
402,402,1396.92,5.667465225686097,171.8715555977071,500.0
403,403,123.47,0.08977776471385139,47.554439369599535,500.0
404,404,146.83,0.09641111320877646,308.26540942455716,500.0
405,405,1174.64,1.638500235023671,295.3697022755847,500.0
406,406,987.76,0.14620522893882862,108.46745641638984,500.0
407,407,146.83,0.0952678111421266,64.88115800216272,500.0
408,408,261.63,0.20331522980104463,106.06639084519588,500.0
409,409,349.23,0.19809318002849735,205.2783618985366,500.0
410,410,587.32,0.19470201542022564,165.81183401926006,500.0
411,411,784.0,1.5448048475328937,58.79631343234632,500.0
412,412,493.88,0.07721272216765945,55.67627486151958,500.0
413,413,440.0,0.10056151504133487,91.27500193556953,500.0
414,414,880.0,0.42381158768848814,98.93954340302419,500.0
415,415,698.46,0.14579666129731003,35.685541540870275,500.0
416,416,293.66,0.22055059832049484,350.45422211610395,500.0
417,417,659.26,0.0694862200070461,115.19834025342026,500.0
418,418,246.94,0.14974526310759928,77.8511638064953,500.0
419,419,329.63,0.2691063608765141,481.45374991977405,500.0
420,420,174.615,0.016325725094098877,70.11608661989254,500.0
421,421,110.0,0.11189467386737267,247.01535434073432,500.0
422,422,392.0,0.19844162804047302,170.09534960972675,500.0
423,423,164.815,0.04625772386075579,165.11947593109267,500.0
424,424,1318.52,2.9322327992160298,25.68125998588995,500.0
425,425,130.815,0.08896142408193719,82.04064028895634,500.0
426,426,1396.92,4.410200541382155,35.385326786716575,500.0
427,427,1046.52,0.14937587644286066,359.1011951409396,500.0
428,428,123.47,0.12089781114926713,77.05351269739114,500.0
429,429,196.0,0.020184516895218947,31.82925107944976,500.0
430,430,220.0,0.1106880677934372,58.16828881033593,500.0
431,431,523.26,0.11151450930383348,189.21681345513346,500.0
432,432,164.815,0.04341494223079724,58.19777563207111,500.0
433,433,1174.64,1.575871815965388,30.452455565259623,500.0
434,434,349.23,0.19808219976569463,51.71931916632061,500.0
435,435,329.63,0.26808433434006607,203.32101093860297,500.0
436,436,440.0,0.10012760826132136,62.186009600010294,500.0
437,437,130.815,0.08829761554667528,65.31968638597748,500.0
438,438,146.83,0.09641111320877646,71.25428561419332,500.0
439,439,523.26,0.10510701423725355,127.92958096233441,500.0
440,440,392.0,0.19769232157873656,417.83714636897463,500.0
441,441,1046.52,0.12629268457690418,125.1646519245746,500.0
442,442,493.88,0.07721678445281854,301.0308066637668,500.0
443,443,261.63,0.1867601211127241,69.37508789273028,500.0
444,444,123.47,0.12100280800494095,415.1290392895453,500.0
445,445,110.0,0.10814433647648858,150.07771158638323,500.0
446,446,1318.52,2.9817446529116207,16.830013744893346,500.0
447,447,659.26,0.06834998149024056,57.45422921952847,500.0
448,448,587.32,0.15323679429411527,409.3203987516256,500.0
449,449,880.0,0.39305106620013736,385.08209996468764,500.0
450,450,246.94,0.15181188629881642,50.1065076718915,500.0
451,451,196.0,0.020845386582122843,48.05440033890887,500.0
452,452,293.66,0.21380649500731908,75.3430379105111,500.0
453,453,220.0,0.12200144358699892,58.30586844275554,500.0
454,454,1396.92,5.667465225686097,24.593611283494873,500.0
455,455,698.46,0.15993965823285397,377.05458744842736,500.0
456,456,784.0,1.5503989697475862,192.74202358722172,500.0
457,457,174.615,0.016457712523342796,144.15888068089416,500.0
458,458,987.76,0.12835009782500661,277.90220182048375,500.0
459,459,130.815,0.08896142408193719,81.71369414096371,500.0
460,460,987.76,0.1104949667111846,51.337196507838264,500.0
461,461,293.66,0.22055059832049484,65.15969230898685,500.0
462,462,784.0,1.5448048475328937,52.31215392947385,500.0
463,463,246.94,0.15387850949003354,43.885986220463955,500.0
464,464,659.26,0.0694862200070461,54.032786889517546,500.0
465,465,349.23,0.19809318002849735,52.19341735903451,500.0
466,466,1318.52,3.031256506607212,16.00619120809718,500.0
467,467,392.0,0.1969430151170001,179.9126732842897,500.0
468,468,164.815,0.04625772386075579,486.87214518429954,500.0
469,469,220.0,0.13331481938056067,67.55852416088594,500.0
470,470,329.63,0.2670623078036181,72.49884244578206,500.0
471,471,174.615,0.016325725094098877,29.223479064021078,500.0
472,472,493.88,0.07721272216765945,117.31504282507011,500.0
473,473,261.63,0.20331522980104463,57.10083054966725,500.0
474,474,440.0,0.10056151504133487,150.30332851406826,500.0
475,475,587.32,0.11177157316800487,27.585790436076547,500.0
476,476,196.0,0.021506256269026747,40.68816534789813,500.0
477,477,1396.92,6.92472990999004,19.23393302931593,500.0
478,478,523.26,0.09869951917067357,40.03125841921445,500.0
479,479,1046.52,0.10320949271094773,121.46239880264014,500.0
480,480,110.0,0.1043939990856045,156.97972433047883,500.0
481,481,123.47,0.12089781114926713,48.599962489435605,500.0
482,482,146.83,0.09755441527542633,87.13184502567732,500.0
483,483,880.0,0.36229054471178657,57.83395830525502,500.0
484,484,698.46,0.14579666129731003,42.6314557576716,500.0
485,485,1174.64,1.638500235023671,39.967314857616984,500.0
486,486,329.63,0.26808433434006607,379.315645062642,500.0
487,487,698.46,0.15993965823285397,385.66552942241475,500.0
488,488,523.26,0.10510701423725355,166.0222535893574,500.0
489,489,1396.92,7.029714582683252,25.307161335389512,500.0
490,490,1046.52,0.09196524195386674,52.066916187423146,500.0
491,491,440.0,0.10012760826132136,422.179153188127,500.0
492,492,246.94,0.16350616982454247,299.0270817307895,500.0
493,493,659.26,0.07461650131482242,99.32108326869631,500.0
494,494,349.23,0.21219790405617192,332.4554499949532,500.0
495,495,880.0,0.39305106620013736,76.88681572348997,500.0
496,496,261.63,0.20374422866894448,390.7168565752976,500.0
497,497,784.0,1.5503989697475862,178.176533001864,500.0
498,498,196.0,0.024315896425754473,52.141033393368296,500.0
499,499,493.88,0.07103846110053069,404.91381971608746,500.0
500,500,123.47,0.12100280800494095,69.92703474334681,500.0
501,501,1318.52,3.1731117936274944,14.229351062054509,500.0
502,502,220.0,0.13683468114223218,113.1317621330154,500.0
503,503,1174.64,1.7748711708030012,39.74955012759084,500.0
504,504,110.0,0.09658821514756002,151.34300303568853,500.0
505,505,174.615,0.016457712523342796,39.70710184766968,500.0
506,506,293.66,0.22378624904324435,518.4747858570443,500.0
507,507,130.815,0.08829761554667528,91.97358357122533,500.0
508,508,164.815,0.04341494223079724,334.45615500099905,500.0
509,509,392.0,0.19045197440974396,197.76451434820132,500.0
510,510,146.83,0.09641111320877646,73.6818750020633,500.0
511,511,987.76,0.12835009782500661,65.6889407924351,500.0
512,512,587.32,0.15323679429411527,47.78863597304032,500.0
513,513,220.0,0.13331481938056067,67.10077303739737,500.0
514,514,164.815,0.0405721606008387,216.1947716132249,500.0
515,515,987.76,0.14620522893882862,130.86686212364717,500.0
516,516,1318.52,3.3149670806477767,20.99953989097018,500.0
517,517,523.26,0.09869951917067357,139.29078320957854,500.0
518,518,110.0,0.0887824312095156,539.3877795119731,500.0
519,519,349.23,0.19809318002849735,84.13973963932122,500.0
520,520,392.0,0.18396093370248778,462.1344771684062,500.0
521,521,261.63,0.20331522980104463,62.496366861573335,500.0
522,522,329.63,0.2670623078036181,74.11961524737391,500.0
523,523,174.615,0.016589699952586717,42.17016255224505,500.0
524,524,493.88,0.06486420003340194,77.85132246896545,500.0
525,525,196.0,0.027125536582482197,49.06013054462953,500.0
526,526,587.32,0.19470201542022564,36.70760975900612,500.0
527,527,1046.52,0.10320949271094773,102.89474631682491,500.0
528,528,440.0,0.09969370148130784,55.77757875318498,500.0
529,529,784.0,1.5448048475328937,75.34629416762067,500.0
530,530,246.94,0.15387850949003354,66.8110085068688,500.0
531,531,123.47,0.12110780486061477,49.02308686507574,500.0
532,532,698.46,0.14579666129731003,101.41328145156683,500.0
533,533,880.0,0.4089658935687252,238.78970757223522,500.0
534,534,293.66,0.22055059832049484,188.48525326526877,500.0
535,535,146.83,0.09755441527542633,359.04408413351547,500.0
536,536,1174.64,1.9112421065823315,31.75513870404569,500.0
537,537,130.815,0.08763380701141339,64.89637112997974,500.0
538,538,659.26,0.0694862200070461,62.583401865201004,500.0
539,539,1396.92,7.134699255376464,38.091967950675084,500.0
540,540,261.63,0.20374422866894448,659.7956229981128,500.0
541,541,440.0,0.10012760826132136,217.62927573738025,500.0
542,542,246.94,0.16350616982454247,44.86673899509999,500.0
543,543,146.83,0.09641111320877646,467.56372154686005,500.0
544,544,174.615,0.017608390352613863,36.22600524702787,500.0
545,545,123.47,0.12331434354040383,86.85343698892576,500.0
546,546,698.46,0.1359437540360481,35.53048641868049,500.0
547,547,220.0,0.13683468114223218,83.62364949381166,500.0
548,548,493.88,0.06575931809151754,415.6304115533142,500.0
549,549,392.0,0.17748147266821418,89.33514179259498,500.0
550,550,784.0,1.5503989697475862,246.6538716824171,500.0
551,551,880.0,0.3856282191402559,102.46419798918078,500.0
552,552,523.26,0.09636661407647615,32.59178143652077,500.0
553,553,987.76,0.12835009782500661,95.0230961632952,500.0
554,554,164.815,0.039456175351530176,189.2006270425909,500.0
555,555,293.66,0.21380649500731908,134.8852100927639,500.0
556,556,349.23,0.19808219976569463,178.41932205753054,500.0
557,557,1396.92,7.246208480739744,24.62434988897269,500.0
558,558,1046.52,0.09196524195386674,34.23549753822805,500.0
559,559,329.63,0.26808433434006607,373.72988674642926,500.0
560,560,130.815,0.08829761554667528,292.6465208577278,500.0
561,561,1318.52,3.9652082397667634,16.090550064011207,500.0
562,562,587.32,0.19883474738906878,65.53893637113882,500.0
563,563,110.0,0.0782413302834421,55.31841868265518,500.0
564,564,1174.64,1.9884434924337426,36.62774762202526,500.0
565,565,659.26,0.07461650131482242,84.55008295700493,500.0
566,566,196.0,0.0273739767341721,82.58821287212331,500.0
567,567,659.26,0.07060099643215358,51.977212887067935,500.0
568,568,246.94,0.17313383015905143,81.00053964368274,500.0
569,569,1396.92,7.357717706103025,38.405414843151895,500.0
570,570,123.47,0.12110780486061477,215.00246581679124,500.0
571,571,493.88,0.06486420003340194,254.75625920587962,500.0
572,572,392.0,0.1710020116339406,74.07046939431343,500.0
573,573,698.46,0.14579666129731003,54.60594179313821,500.0
574,574,440.0,0.09969370148130784,271.4710011417273,500.0
575,575,174.615,0.01862708075264101,90.145963543024,500.0
576,576,220.0,0.13331481938056067,104.20067417048445,500.0
577,577,587.32,0.20296747935791193,51.26606438632167,500.0
578,578,329.63,0.2670623078036181,173.4219033968033,500.0
579,579,1046.52,0.10320949271094773,332.71294581768103,500.0
580,580,880.0,0.36229054471178657,57.789045497290346,500.0
581,581,349.23,0.19807121950289192,66.33267417455886,500.0
582,582,130.815,0.08763380701141339,73.9693371807447,500.0
583,583,1318.52,4.61544939888575,28.292965006721193,500.0
584,584,110.0,0.0887824312095156,52.12144931456717,500.0
585,585,523.26,0.09869951917067357,34.35999573682948,500.0
586,586,196.0,0.027125536582482197,62.97055985878667,500.0
587,587,293.66,0.2070623916941433,73.79895171555864,500.0
588,588,1174.64,2.0656448782851538,39.970894913656615,500.0
589,589,146.83,0.0952678111421266,74.92317193773953,500.0
590,590,784.0,1.5448048475328937,73.45868140444627,500.0
591,591,261.63,0.20331522980104463,294.7816672060693,500.0
592,592,164.815,0.03834019010222165,48.40310662977066,500.0
593,593,987.76,0.1104949667111846,400.075164145499,500.0
594,594,698.46,0.15993965823285397,48.5999366889838,500.0
595,595,220.0,0.13211003318639228,344.48325034813837,500.0
596,596,196.0,0.0273739767341721,72.70332285283907,500.0
597,597,261.63,0.1867601211127241,190.43575644645514,500.0
598,598,329.63,0.2619029842720624,131.00635162802143,500.0
599,599,987.76,0.10927649440967947,49.74190195960299,500.0
600,600,349.23,0.19808219976569463,53.26163138534956,500.0
601,601,1318.52,6.017439784707479,22.106190661027867,500.0
602,602,1046.52,0.09196524195386674,271.2242794577793,500.0
603,603,110.0,0.09658821514756002,220.99471705237556,500.0
604,604,659.26,0.07517388952737614,83.07578887599281,500.0
605,605,493.88,0.06325441634023415,277.3225315892271,500.0
606,606,174.615,0.017608390352613863,49.23304574017741,500.0
607,607,440.0,0.09699748465398156,57.94446472878822,500.0
608,608,293.66,0.21380649500731908,319.37798299549576,500.0
609,609,123.47,0.12100280800494095,178.27320809357505,500.0
610,610,164.815,0.039456175351530176,297.9370337429549,500.0
611,611,523.26,0.10510701423725355,44.57776756921056,500.0
612,612,784.0,1.5503989697475862,162.29691874008532,500.0
613,613,392.0,0.17748147266821418,373.1241976115915,500.0
614,614,1174.64,2.672662634422951,42.504790911468426,500.0
615,615,130.815,0.08829761554667528,537.0689883422066,500.0
616,616,587.32,0.21646809036264664,208.98978239232278,500.0
617,617,246.94,0.17206453320437198,73.47940618731468,500.0
618,618,880.0,0.3856282191402559,53.36096934815102,500.0
619,619,146.83,0.09641111320877646,52.15902278615199,500.0
620,620,1396.92,7.4992837661159815,191.87060386991197,500.0
621,621,987.76,0.1104949667111846,52.808663577148806,500.0
622,622,329.63,0.25674366074050664,208.68873398971894,500.0
623,623,123.47,0.12089781114926713,70.4898426037798,500.0
624,624,293.66,0.2070623916941433,253.68510393717924,500.0
625,625,523.26,0.11151450930383348,284.139736350268,500.0
626,626,440.0,0.09969370148130784,105.14730833762891,500.0
627,627,659.26,0.07239065970432194,61.88339043448635,500.0
628,628,130.815,0.08763380701141339,145.10934275556508,500.0
629,629,174.615,0.01862708075264101,108.96902086447552,500.0
630,630,587.32,0.20296747935791193,72.7076150908188,500.0
631,631,196.0,0.027622416885862002,83.86238881659344,500.0
632,632,246.94,0.17313383015905143,247.6807062907272,500.0
633,633,880.0,0.4089658935687252,460.77177917285394,500.0
634,634,1046.52,0.08072099119678572,31.935050328124497,500.0
635,635,146.83,0.09755441527542633,82.21549417059005,500.0
636,636,110.0,0.0887824312095156,36.2405012355019,500.0
637,637,1396.92,7.357717706103025,216.55962352717552,500.0
638,638,261.63,0.17020501242440356,410.0527341676838,500.0
639,639,1318.52,7.419430170529208,16.1158598899775,500.0
640,640,698.46,0.17408265516839788,301.8889992745216,500.0
641,641,1174.64,3.2796803905607486,310.03357931860245,500.0
642,642,164.815,0.03834019010222165,341.60125004807406,500.0
643,643,392.0,0.1710020116339406,51.98645437036233,500.0
644,644,493.88,0.061644632647066336,59.647301495765966,500.0
645,645,220.0,0.13090524699222392,423.70953127719423,500.0
646,646,349.23,0.19809318002849735,58.86918837245827,500.0
647,647,784.0,1.5448048475328937,187.70062390482173,500.0
648,648,987.76,0.12835009782500661,111.86054148655464,500.0
649,649,349.23,0.21219790405617192,118.21982205936352,500.0
650,650,1318.52,8.1841153423066,16.929231818180448,500.0
651,651,329.63,0.24088863313595832,67.6264377529073,500.0
652,652,440.0,0.09699748465398156,74.8269710591704,500.0
653,653,164.815,0.03472774035170767,42.12899606636269,500.0
654,654,130.815,0.08736476902184429,84.45237220643418,500.0
655,655,196.0,0.0273739767341721,93.67607028490517,500.0
656,656,659.26,0.07606872116346033,43.02026613283378,500.0
657,657,523.26,0.10510701423725355,27.79011375999002,500.0
658,658,1174.64,2.672662634422951,24.925452908466433,500.0
659,659,493.88,0.06325441634023415,45.178625958734514,500.0
660,660,174.615,0.017608390352613863,74.97194107092679,500.0
661,661,587.32,0.213146034806852,196.7724757806457,500.0
662,662,146.83,0.09641111320877646,198.4963762593849,500.0
663,663,392.0,0.17748147266821418,296.9745951115017,500.0
664,664,880.0,0.3856282191402559,388.3115999725611,500.0
665,665,293.66,0.19562579016236828,142.3476472413707,500.0
666,666,1046.52,0.09196524195386674,380.0313756597322,500.0
667,667,261.63,0.1617772108687536,41.83329429882861,500.0
668,668,784.0,1.4952883018341874,270.4749354802922,500.0
669,669,246.94,0.17206453320437198,65.01819117995122,500.0
670,670,123.47,0.12100280800494095,518.5782550796772,500.0
671,671,1396.92,7.246208480739744,23.161549701963395,500.0
672,672,110.0,0.09658821514756002,51.760290691654376,500.0
673,673,698.46,0.15993965823285397,36.99108275464276,500.0
674,674,220.0,0.12079665739283055,404.6071476420942,500.0
675,675,1396.92,7.357717706103025,23.29896139666597,500.0
676,676,349.23,0.19809318002849735,54.4066262678108,500.0
677,677,493.88,0.06486420003340194,79.2151504715094,500.0
678,678,587.32,0.20296747935791193,100.0954321475333,500.0
679,679,123.47,0.12089781114926713,53.57032415973795,500.0
680,680,174.615,0.01862708075264101,86.87254740363562,500.0
681,681,146.83,0.0952678111421266,83.84680027109984,500.0
682,682,698.46,0.17408265516839788,43.630443896321275,500.0
683,683,1046.52,0.08072099119678572,187.83804378793712,500.0
684,684,987.76,0.1104949667111846,42.84576278478515,500.0
685,685,164.815,0.03834019010222165,226.87254470137404,500.0
686,686,392.0,0.1710020116339406,50.625070695238364,500.0
687,687,220.0,0.1106880677934372,562.7286874229659,500.0
688,688,130.815,0.08709573103227516,79.44604845000599,500.0
689,689,784.0,1.445771756135481,58.71246908152783,500.0
690,690,880.0,0.36229054471178657,154.45693964978,500.0
691,691,110.0,0.1043939990856045,47.03275677621987,500.0
692,692,293.66,0.18418918863059322,351.693800515001,500.0
693,693,246.94,0.17313383015905143,98.26202892996827,500.0
694,694,196.0,0.027125536582482197,69.12629153788383,500.0
695,695,440.0,0.09969370148130784,58.81408931635176,500.0
696,696,261.63,0.17020501242440356,43.6220989236585,500.0
697,697,329.63,0.25674366074050664,66.57367009703324,500.0
698,698,1318.52,8.948800514083992,23.4320738960904,500.0
699,699,523.26,0.11151450930383348,98.47277959662392,500.0
700,700,659.26,0.07974678262259872,208.41325950715012,500.0
701,701,1174.64,3.2796803905607486,218.34596936442742,500.0
702,702,174.615,0.017890280121774987,262.11824352890756,500.0
703,703,293.66,0.1840330850939903,114.66248495987551,500.0
704,704,246.94,0.17206453320437198,74.55565766346194,500.0
705,705,1174.64,2.672662634422951,32.10951113386499,500.0
706,706,220.0,0.10652021694614575,496.6852330249066,500.0
707,707,164.815,0.03472774035170767,482.460401725806,500.0
708,708,1046.52,0.08048285224161883,289.61667250177027,500.0
709,709,698.46,0.19384044614871448,207.57820290501442,500.0
710,710,110.0,0.10814433647648858,197.35009557316783,500.0
711,711,493.88,0.06518553147384683,55.208211419761305,500.0
712,712,146.83,0.09520322111719715,58.69203605773816,500.0
713,713,987.76,0.12835009782500661,101.80473483785488,500.0
714,714,880.0,0.3524869111431747,44.85967227466811,500.0
715,715,123.47,0.12100280800494095,111.1843328568051,500.0
716,716,196.0,0.0273739767341721,214.43721056710757,500.0
717,717,329.63,0.2619029842720624,351.6181662326252,500.0
718,718,1318.52,9.041516980796338,26.09832183689755,500.0
719,719,659.26,0.07606872116346033,55.35101738520329,500.0
720,720,587.32,0.19883474738906878,109.30416145912554,500.0
721,721,392.0,0.17748147266821418,56.608903529186314,500.0
722,722,440.0,0.10012760826132136,252.7297125897507,500.0
723,723,261.63,0.1867601211127241,392.8317140012303,500.0
724,724,349.23,0.21219790405617192,153.32026114569933,500.0
725,725,1396.92,7.4992837661159815,297.7751101246321,500.0
726,726,784.0,1.4952883018341874,119.59756297797006,500.0
727,727,130.815,0.08736476902184429,340.23448363991076,500.0
728,728,523.26,0.10510701423725355,36.328778505461514,500.0
729,729,261.63,0.17020501242440356,43.742956507400976,500.0
730,730,392.0,0.18396093370248778,260.41842061513466,500.0
731,731,587.32,0.19470201542022564,389.211486859686,500.0
732,732,1396.92,7.357717706103025,462.4784285429259,500.0
733,733,523.26,0.11151450930383348,549.921617623405,500.0
734,734,246.94,0.17313383015905143,74.15605684208624,500.0
735,735,659.26,0.07974678262259872,93.64076889145704,500.0
736,736,174.615,0.017153479490908966,144.41198808774573,500.0
737,737,220.0,0.10235236609885429,38.47622592391611,500.0
738,738,329.63,0.25674366074050664,93.9599400927554,500.0
739,739,1174.64,3.2796803905607486,31.956719420068396,500.0
740,740,196.0,0.027125536582482197,177.2681622921054,500.0
741,741,164.815,0.031115290601193692,26.523467631661536,500.0
742,742,784.0,1.445771756135481,61.12139112560274,500.0
743,743,880.0,0.36229054471178657,170.6076662528196,500.0
744,744,440.0,0.09969370148130784,75.81779142203449,500.0
745,745,987.76,0.1104949667111846,57.15253817201695,500.0
746,746,349.23,0.19809318002849735,126.02546557398058,500.0
747,747,493.88,0.0655068629142917,327.5563336222093,500.0
748,748,698.46,0.17408265516839788,49.32527862044364,500.0
749,749,123.47,0.12089781114926713,130.76663517468154,500.0
750,750,1318.52,9.134233447508684,28.134231761428993,500.0
751,751,293.66,0.18387698155738735,42.38506904071379,500.0
752,752,110.0,0.1043939990856045,258.90128132498427,500.0
753,753,130.815,0.08709573103227516,65.48742996203752,500.0
754,754,1046.52,0.08024471328645191,41.1554111768531,500.0
755,755,146.83,0.0952678111421266,138.30546226696,500.0
756,756,698.46,0.19384044614871448,523.9810855913078,500.0
757,757,196.0,0.026820823300401787,75.65721905269686,500.0
758,758,1318.52,9.529101586301005,26.486903600242073,500.0
759,759,392.0,0.17748147266821418,179.4504369302617,500.0
760,760,164.815,0.03472774035170767,484.98569470718155,500.0
761,761,349.23,0.19808219976569463,89.74694167252866,500.0
762,762,174.615,0.01687158972174784,48.78447689455787,500.0
763,763,1046.52,0.08048285224161883,31.879074940664662,500.0
764,764,110.0,0.09658821514756002,111.5588278780588,500.0
765,765,246.94,0.1772197673832474,125.15205538521839,500.0
766,766,146.83,0.09520322111719715,503.7354997917611,500.0
767,767,293.66,0.1840330850939903,95.29504031254052,500.0
768,768,659.26,0.07606872116346033,369.4333465218722,500.0
769,769,440.0,0.10012760826132136,141.32350887198186,500.0
770,770,493.88,0.06518553147384683,200.9075556853196,500.0
771,771,1396.92,7.246208480739744,29.547547167190938,500.0
772,772,523.26,0.10510701423725355,35.43439990468389,500.0
773,773,1174.64,3.3073141292002974,40.86745956674747,500.0
774,774,130.815,0.08736476902184429,288.1436721617524,500.0
775,775,261.63,0.1867601211127241,55.31297681876964,500.0
776,776,880.0,0.3524869111431747,52.54406846576962,500.0
777,777,987.76,0.12835009782500661,153.03559882898648,500.0
778,778,784.0,1.4952883018341874,287.58117416466763,500.0
779,779,587.32,0.17846059483243137,59.380848246342715,500.0
780,780,123.47,0.11724082898746385,63.36893384220968,500.0
781,781,220.0,0.10652021694614575,297.3822405082187,500.0
782,782,329.63,0.24088863313595832,129.3462825741671,500.0
783,783,196.0,0.027125536582482197,195.99271869652895,500.0
784,784,698.46,0.17408265516839788,34.559644247414596,500.0
785,785,220.0,0.10235236609885429,52.30947738028037,500.0
786,786,493.88,0.06486420003340194,76.33614501146475,500.0
787,787,523.26,0.11151450930383348,272.1890504385549,500.0
788,788,784.0,1.445771756135481,54.10613765597751,500.0
789,789,349.23,0.19807121950289192,61.65258499794705,500.0
790,790,587.32,0.19470201542022564,45.71860830568361,500.0
791,791,1046.52,0.08072099119678572,31.85068964760246,500.0
792,792,261.63,0.20331522980104463,255.4035015497651,500.0
793,793,987.76,0.1104949667111846,220.43917476018498,500.0
794,794,164.815,0.031115290601193692,23.206764938519,500.0
795,795,1174.64,3.334947867839846,28.456547407018544,500.0
796,796,329.63,0.22503360553141002,144.3549291239089,500.0
797,797,293.66,0.18387698155738735,248.07325455021143,500.0
798,798,1318.52,9.923969725093327,29.522462202881,500.0
799,799,1396.92,7.357717706103025,27.427899873935058,500.0
800,800,123.47,0.12089781114926713,64.31073594074832,500.0
801,801,246.94,0.17313383015905143,56.91082459270239,500.0
802,802,659.26,0.07239065970432194,268.4625927100369,500.0
803,803,880.0,0.36229054471178657,57.28706176173593,500.0
804,804,130.815,0.08709573103227516,444.36289481413974,500.0
805,805,110.0,0.0887824312095156,353.61717972455534,500.0
806,806,174.615,0.017153479490908966,45.14783141202748,500.0
807,807,146.83,0.09513863109226771,57.42157605876928,500.0
808,808,392.0,0.1710020116339406,61.83183226701488,500.0
809,809,440.0,0.09969370148130784,88.20944163036332,500.0
